mesh,airgap_fraction,radius_mm,points,cogging_maxwell_nm,loaded_total_maxwell_nm,loaded_increment_maxwell_nm,loaded_increment_wst_nm
gap8,0.25,31.625,180,0.012836890648748076,2.4538748597507705,2.4410379691020223,2.4096639347678304
gap8,0.25,31.625,360,-0.011952636954794715,2.36908643158335,2.381039068538145,2.4096639347678304
gap8,0.25,31.625,720,-0.0029352921684766297,2.4063899400023816,2.409325232170858,2.4096639347678304
gap8,0.5,31.75,180,-0.04275047962081693,2.4570635675325283,2.4998140471533454,2.4096639347678304
gap8,0.5,31.75,360,-0.04447606313038337,2.3641786150422734,2.408654678172657,2.4096639347678304
gap8,0.5,31.75,720,-0.061821540825503764,2.35047104980005,2.4122925906255537,2.4096639347678304
gap8,0.75,31.875,180,-0.04316038756273247,2.543405076068083,2.5865654636308153,2.4096639347678304
gap8,0.75,31.875,360,-0.03848880823364087,2.386667451902266,2.425156260135907,2.4096639347678304
gap8,0.75,31.875,720,8.811846466771607e-05,2.409802597677379,2.4097144792127114,2.4096639347678304
