metric,value,criterion,limit,passed
mesh_loaded_torque_relative_change,8.986767141424435e-05,<=,0.02,True
angle_loaded_torque_relative_change,0.0009441377287804037,<=,0.02,True
mesh_cogging_pp_relative_change,0.040558788937917735,<=,0.1,True
angle_cogging_pp_relative_change,0.027917227308283162,<=,0.1,True
load_to_cogging_ratio,76.58657556812011,>=,5.0,True
load_to_numerical_floor_ratio,398.2738809500863,>=,20.0,True
integral_quadrature_relative_change,0.0019535582905363274,<=,0.02,True
integral_radius_relative_spread,0.0024958435660121987,<=,0.05,True
maxwell_vs_wst_relative_difference,0.0013275720616898923,<=,0.1,True
