angle_deg,Bn_T,Bt_T
0.000000000000000000e+00,5.817617966548631614e-01,1.324988305750418940e-03
1.000000000000000000e+00,5.712660426179263506e-01,1.143109511426670249e-02
2.000000000000000000e+00,5.395771708040835168e-01,4.744469194650743904e-02
3.000000000000000000e+00,5.305213357842191169e-01,1.458644806779157699e-01
4.000000000000000000e+00,5.906816083107198079e-01,2.718324857268094030e-01
5.000000000000000000e+00,7.539425248789139999e-01,4.049679897482708624e-01
6.000000000000000000e+00,9.992000842914855463e-01,2.910727731011350516e-01
7.000000000000000000e+00,8.146672266918965066e-01,1.799736002440509020e-01
8.000000000000000000e+00,3.205220185831579305e-01,1.796555414883861390e-01
9.000000000000000000e+00,8.731678600706635485e-02,8.385211369739070664e-02
1.000000000000000000e+01,-1.316983925085464802e-01,1.734075148983457715e-01
1.100000000000000000e+01,-5.831224465279138958e-01,1.274534610044630034e-01
1.200000000000000000e+01,-7.496898349154980101e-01,5.335827368378877333e-02
1.300000000000000000e+01,-8.390976500918853054e-01,5.149285850873186465e-02
1.400000000000000000e+01,-9.145017206682518607e-01,1.909434344010056961e-01
1.500000000000000000e+01,-6.632838808974200751e-01,3.083337793385982906e-01
1.600000000000000000e+01,-5.212464251741660837e-01,1.813096625320760047e-01
1.700000000000000000e+01,-5.003342472632608118e-01,6.519140163511638608e-02
1.800000000000000000e+01,-5.296201734845246145e-01,1.523632468990313016e-02
1.900000000000000000e+01,-5.447671157104964079e-01,2.667081751142635904e-03
2.000000000000000000e+01,-5.435315892371168633e-01,-4.008179864336991471e-03
2.100000000000000000e+01,-5.259416818162656604e-01,-1.571254811032643528e-02
2.200000000000000000e+01,-4.887669840123559650e-01,-6.003182117870781154e-02
2.300000000000000000e+01,-4.732340519574255167e-01,-1.674249135090156160e-01
2.400000000000000000e+01,-4.982435719177316091e-01,-3.058343172567012935e-01
2.500000000000000000e+01,-5.461389651163690573e-01,-4.858491323932540018e-01
2.600000000000000000e+01,-3.525391411153532828e-01,-3.220890868371137916e-01
2.700000000000000000e+01,-5.386049446258702605e-02,-1.055900039499405169e-01
2.800000000000000000e+01,1.832981715959945135e-01,-1.691690079784921030e-01
2.900000000000000000e+01,6.460448777831986344e-01,-1.318175253682569159e-01
3.000000000000000000e+01,8.087008637839374625e-01,-4.482380665160373701e-02
3.100000000000000000e+01,8.719808119774581368e-01,-2.128858621636869897e-02
3.200000000000000000e+01,9.100331116217234007e-01,-1.920164592783607516e-02
3.300000000000000000e+01,9.594639092330272678e-01,-4.493259528577459028e-02
3.400000000000000000e+01,1.005826386516757154e+00,-2.134201399326386972e-01
3.500000000000000000e+01,7.276672547094784615e-01,-3.260559045946284096e-01
3.600000000000000000e+01,5.735790558884223955e-01,-1.827714785587543633e-01
3.700000000000000000e+01,5.584336038136314961e-01,-5.849059050293339834e-02
3.800000000000000000e+01,5.912155593474963666e-01,-1.181000660675607383e-02
3.900000000000000000e+01,5.988773707908563448e-01,1.723111880763128489e-03
4.000000000000000000e+01,5.841609310996086490e-01,1.447969612857596955e-02
4.100000000000000000e+01,5.384651274034321089e-01,5.075550304976539362e-02
4.200000000000000000e+01,4.727644064501695942e-01,1.674732985678908936e-01
4.300000000000000000e+01,4.019700586855825541e-01,3.583576691452929897e-01
4.400000000000000000e+01,1.098365082075802301e-01,4.435328403177098977e-01
4.500000000000000000e+01,5.967201505647451443e-02,3.218735599245480805e-01
4.600000000000000000e+01,-6.529978084013687845e-02,2.261288310139584756e-01
4.700000000000000000e+01,-5.763883889453420561e-01,1.386282215748723401e-01
4.800000000000000000e+01,-7.433549680507146595e-01,4.669442084817543304e-02
4.900000000000000000e+01,-8.069256752406459565e-01,1.883541816383144107e-02
5.000000000000000000e+01,-8.340653512833786642e-01,9.504375338438675325e-03
5.100000000000000000e+01,-8.503424297753059413e-01,6.806743926486558127e-03
5.200000000000000000e+01,-8.664300882618959365e-01,1.033605387011432564e-02
5.300000000000000000e+01,-8.984890478680392922e-01,3.080629499296200224e-02
5.400000000000000000e+01,-9.409793672730581982e-01,1.666774327909634201e-01
5.500000000000000000e+01,-6.903436711374166812e-01,2.584265305588819284e-01
5.600000000000000000e+01,-5.780653255550532998e-01,1.011998429775186892e-01
5.700000000000000000e+01,-6.052241094843289204e-01,1.856968722401136640e-02
5.800000000000000000e+01,-6.143521942289498217e-01,-3.985821996904115316e-03
5.900000000000000000e+01,-5.863634889573023923e-01,-2.499276973831410231e-02
6.000000000000000000e+01,-5.050579053044444988e-01,-8.713838101078333342e-02
6.100000000000000000e+01,-3.772509347083758402e-01,-2.741434095049046782e-01
6.200000000000000000e+01,-5.635030466993773413e-02,-3.614890177921784575e-01
6.300000000000000000e+01,4.542623552821400956e-02,-2.617213363174054064e-01
6.400000000000000000e+01,1.773128383770019023e-01,-2.867807659794395225e-01
6.500000000000000000e+01,6.107832958703622861e-01,-1.591884191143037586e-01
6.600000000000000000e+01,7.902906952915036420e-01,-5.133775181956212741e-02
6.700000000000000000e+01,8.562209030207275084e-01,-1.902511820948982191e-02
6.800000000000000000e+01,8.832947183014956405e-01,-8.022246079549932851e-03
6.900000000000000000e+01,8.959290243802100484e-01,-3.921622876478736419e-03
7.000000000000000000e+01,9.026021081246043964e-01,-2.530818294317782602e-03
7.100000000000000000e+01,9.082505381910244147e-01,-3.328286383788126024e-03
7.200000000000000000e+01,9.181872109176888452e-01,-7.540507947024377433e-03
7.300000000000000000e+01,9.433015262554522717e-01,-2.605761900038550127e-02
7.400000000000000000e+01,9.711990551880651523e-01,-1.449570757018912859e-01
7.500000000000000000e+01,7.287731144314841814e-01,-1.945070021420473583e-01
7.600000000000000000e+01,6.807618413221778741e-01,-3.802122903614196803e-02
7.700000000000000000e+01,6.864136530809897829e-01,9.781010726470945604e-03
7.800000000000000000e+01,6.296183458178925552e-01,4.992792414760935382e-02
7.900000000000000000e+01,4.574440527477927620e-01,1.900686681239421583e-01
8.000000000000000000e+01,8.953955885636126488e-02,2.994871527630976193e-01
8.100000000000000000e+01,-2.917348312013116202e-02,2.217933451656722843e-01
8.200000000000000000e+01,-1.616444186520514248e-01,2.686941323305054308e-01
8.300000000000000000e+01,-5.934576435121822202e-01,1.457034142601326132e-01
8.400000000000000000e+01,-7.596760126458019791e-01,4.093317755085486287e-02
8.500000000000000000e+01,-8.075143999894260904e-01,-2.984234631454955183e-02
8.600000000000000000e+01,-9.348691722737345611e-01,-5.388791981474634618e-02
8.700000000000000000e+01,-9.357988148882051549e-01,-6.527006778613758664e-03
8.800000000000000000e+01,-9.309474804430379891e-01,-1.326131934753983777e-03
8.900000000000000000e+01,-9.298242363039905811e-01,-1.661729670244145585e-04
9.000000000000000000e+01,-9.295477157146508906e-01,4.130968762705302207e-05
9.100000000000000000e+01,-9.298252321968313305e-01,1.896620093769889326e-04
9.200000000000000000e+01,-9.308403318022598905e-01,1.249126249332224714e-03
9.300000000000000000e+01,-9.356133738817574708e-01,6.467951419300878302e-03
9.400000000000000000e+01,-9.329410486003462122e-01,5.474641178295743676e-02
9.500000000000000000e+01,-8.069617527857541051e-01,3.045994170159545267e-02
9.600000000000000000e+01,-7.584764369447423160e-01,-4.157962049056122822e-02
9.700000000000000000e+01,-5.915372464077617298e-01,-1.532916900389003356e-01
9.800000000000000000e+01,-1.626608605502911364e-01,-2.659472075842487238e-01
9.900000000000000000e+01,-3.014247435781703538e-02,-2.213985835737903585e-01
1.000000000000000000e+02,8.795368550891587145e-02,-3.055505143372587162e-01
1.010000000000000000e+02,4.640310946104656553e-01,-1.931053567045465102e-01
1.020000000000000000e+02,6.293945075161295755e-01,-5.259487736199286445e-02
1.030000000000000000e+02,6.876247785242318722e-01,-9.398360458943044726e-03
1.040000000000000000e+02,6.798258047886520661e-01,3.858496004781636346e-02
1.050000000000000000e+02,7.290943854747533592e-01,1.934906297198032421e-01
1.060000000000000000e+02,9.692473856086852857e-01,1.449929340080652052e-01
1.070000000000000000e+02,9.441303149110392701e-01,2.625667854649438304e-02
1.080000000000000000e+02,9.188406950273478868e-01,7.762917240345945658e-03
1.090000000000000000e+02,9.086788077641596573e-01,3.331428692703475303e-03
1.100000000000000000e+02,9.026610221157678193e-01,2.813976824879826921e-03
1.110000000000000000e+02,8.961530130716724996e-01,3.908386221121495918e-03
1.120000000000000000e+02,8.843588910446054108e-01,8.284711664286126265e-03
1.130000000000000000e+02,8.575569698809312191e-01,1.881844424293915852e-02
1.140000000000000000e+02,7.937047067353977248e-01,4.838085136245723339e-02
1.150000000000000000e+02,6.159743141851551362e-01,1.518672391895273255e-01
1.160000000000000000e+02,1.760353476347841228e-01,2.699761096945765826e-01
1.170000000000000000e+02,3.989842025056770936e-02,2.460757732491644090e-01
1.180000000000000000e+02,-6.281923739535891227e-02,3.457347588984739373e-01
1.190000000000000000e+02,-4.049274894491791676e-01,2.540669156220730085e-01
1.200000000000000000e+02,-5.436700650623227382e-01,7.588282088630018962e-02
1.210000000000000000e+02,-6.182118753634815445e-01,2.138671671038261390e-02
1.220000000000000000e+02,-6.402291668777826406e-01,7.361763162732626320e-04
1.230000000000000000e+02,-6.226909270677938313e-01,-3.027085575159721431e-02
1.240000000000000000e+02,-6.048918712870390291e-01,-1.435874991976093806e-01
1.250000000000000000e+02,-7.433116867534745875e-01,-3.000885216670841626e-01
1.260000000000000000e+02,-1.014982313618639997e+00,-2.051729312309732434e-01
1.270000000000000000e+02,-9.881438678750629201e-01,-4.069560701124697033e-02
1.280000000000000000e+02,-9.483529475519405505e-01,-1.307796800544064331e-02
1.290000000000000000e+02,-9.299672715112723420e-01,-7.922140364282348468e-03
1.300000000000000000e+02,-9.134874410974949122e-01,-9.605720597378519798e-03
1.310000000000000000e+02,-8.860059336094712190e-01,-1.892709809546011535e-02
1.320000000000000000e+02,-8.231866032104675490e-01,-4.706468140497832575e-02
1.330000000000000000e+02,-6.546838748514253181e-01,-1.370802394559842430e-01
1.340000000000000000e+02,-1.674411055848590013e-01,-2.234375462613251706e-01
1.350000000000000000e+02,-5.113574445633345400e-03,-2.746097764490978976e-01
1.360000000000000000e+02,7.764863525492027296e-02,-4.085995598084238845e-01
1.370000000000000000e+02,3.766045630440831848e-01,-3.179306762469916725e-01
1.380000000000000000e+02,4.546359128221676427e-01,-1.391689289085956127e-01
1.390000000000000000e+02,5.301353218328006545e-01,-3.869925898644360762e-02
1.400000000000000000e+02,5.707130612257869107e-01,-1.166774169354994894e-02
1.410000000000000000e+02,5.818533961227259077e-01,1.351378114009538223e-04
1.420000000000000000e+02,5.702117630239978974e-01,1.499085012356871083e-02
1.430000000000000000e+02,5.400317948355944919e-01,7.495702045272170655e-02
1.440000000000000000e+02,5.668070166318610603e-01,2.001334895952764370e-01
1.450000000000000000e+02,7.250966384073388449e-01,3.352965801130566859e-01
1.460000000000000000e+02,1.000464215617303365e+00,2.174132880586617245e-01
1.470000000000000000e+02,9.620012526714325496e-01,4.727518105800060377e-02
1.480000000000000000e+02,9.122302143064825453e-01,1.980419284463974527e-02
1.490000000000000000e+02,8.724333116854763315e-01,2.174210966350315077e-02
1.500000000000000000e+02,8.083399990487497577e-01,4.387704587792118360e-02
1.510000000000000000e+02,6.451075512469798268e-01,1.275725257528854961e-01
1.520000000000000000e+02,1.934711441276262822e-01,1.659203772086880746e-01
1.530000000000000000e+02,-4.845764194104237171e-02,1.029943335096851903e-01
1.540000000000000000e+02,-3.300123820329936564e-01,3.254827889325873080e-01
1.550000000000000000e+02,-5.477217928616553433e-01,4.601217387452160024e-01
1.560000000000000000e+02,-5.104715784082517471e-01,2.782038430850504174e-01
1.570000000000000000e+02,-5.019583332933922337e-01,1.326782085886696050e-01
1.580000000000000000e+02,-5.402671334047055574e-01,3.751428705314097112e-02
1.590000000000000000e+02,-5.748114604721967780e-01,9.921104738634223263e-03
1.600000000000000000e+02,-5.847076845497318764e-01,7.145877534168454392e-04
1.610000000000000000e+02,-5.785841398841978789e-01,-8.212568088355076679e-03
1.620000000000000000e+02,-5.513840605563452568e-01,-3.818801983608455242e-02
1.630000000000000000e+02,-5.386351407118069590e-01,-1.300442348201393816e-01
1.640000000000000000e+02,-5.959190612439445589e-01,-2.550628463019767866e-01
1.650000000000000000e+02,-7.741208010660223238e-01,-3.853234568496453627e-01
1.660000000000000000e+02,-1.066560619305712221e+00,-2.628668899652447100e-01
1.670000000000000000e+02,-1.019435078791280924e+00,-7.332976601114127302e-02
1.680000000000000000e+02,-9.150125515517465447e-01,-5.840134295044552282e-02
1.690000000000000000e+02,-7.399477250686455898e-01,-1.300487982650734287e-01
1.700000000000000000e+02,-2.883743535495137400e-01,-1.609853330026459473e-01
1.710000000000000000e+02,-6.892252566417632342e-02,-8.009471880049238990e-02
1.720000000000000000e+02,1.516478943799444978e-01,-1.754862552840130430e-01
1.730000000000000000e+02,6.335849927404275661e-01,-1.571089653473302095e-01
1.740000000000000000e+02,8.394422675770998321e-01,-2.204441701990014213e-01
1.750000000000000000e+02,6.438036381908737171e-01,-3.254654970453862983e-01
1.760000000000000000e+02,5.093300611469750994e-01,-1.974312277893910117e-01
1.770000000000000000e+02,4.901193110570624678e-01,-7.810218724070976115e-02
1.780000000000000000e+02,5.206194423543408778e-01,-1.945132043268062508e-02
1.790000000000000000e+02,5.399847928406389386e-01,-5.078928832352802916e-03
1.800000000000000000e+02,5.427671160583790178e-01,1.398037100380732567e-03
1.810000000000000000e+02,5.332833423676611728e-01,1.016193457841464524e-02
1.820000000000000000e+02,5.042497433626891290e-01,4.142239292280550100e-02
1.830000000000000000e+02,4.915057953445104988e-01,1.318576259280520024e-01
1.840000000000000000e+02,5.446474062904259617e-01,2.513261961172350567e-01
1.850000000000000000e+02,6.970212153697492585e-01,3.767792889028076520e-01
1.860000000000000000e+02,9.231276130769577870e-01,2.603949437320487448e-01
1.870000000000000000e+02,7.291120835841339298e-01,1.708690454305633044e-01
1.880000000000000000e+02,2.412711330825631217e-01,1.772407731838488987e-01
1.890000000000000000e+02,1.254030581635759423e-02,8.447921100427971397e-02
1.900000000000000000e+02,-2.081854242113408138e-01,1.670784487294261766e-01
1.910000000000000000e+02,-6.646823913586096255e-01,1.361675505160447330e-01
1.920000000000000000e+02,-8.305493036424957953e-01,5.617956487809006028e-02
1.930000000000000000e+02,-9.258192845395587511e-01,6.000396007244565566e-02
1.940000000000000000e+02,-9.947934011881206517e-01,2.229979174811979603e-01
1.950000000000000000e+02,-7.205953014203920759e-01,3.419316185757881321e-01
1.960000000000000000e+02,-5.637521242586812642e-01,2.096382850776026263e-01
1.970000000000000000e+02,-5.289194694247244533e-01,8.520623106463927343e-02
1.980000000000000000e+02,-5.576242956075064816e-01,2.038327094398525996e-02
1.990000000000000000e+02,-5.769399927557812280e-01,3.855350348415109707e-03
2.000000000000000000e+02,-5.770613020445900521e-01,-3.515353941538568172e-03
2.010000000000000000e+02,-5.597210626873332373e-01,-1.583329367223373918e-02
2.020000000000000000e+02,-5.212764776711058534e-01,-5.913976664914416537e-02
2.030000000000000000e+02,-5.036834964273634307e-01,-1.715914034213546768e-01
2.040000000000000000e+02,-5.320908031086495349e-01,-3.161912462239753197e-01
2.050000000000000000e+02,-5.863022569385667460e-01,-5.028693729391706668e-01
2.060000000000000000e+02,-3.965674558843015340e-01,-3.280865576780015447e-01
2.070000000000000000e+02,-1.101113494900705647e-01,-1.100748865659128412e-01
2.080000000000000000e+02,1.318946260265990711e-01,-1.703252391506825947e-01
2.090000000000000000e+02,5.953513936582673916e-01,-1.317857731619762052e-01
2.100000000000000000e+02,7.579568736647371852e-01,-4.468389322702515098e-02
2.110000000000000000e+02,8.206541341371131892e-01,-2.080868924957579580e-02
2.120000000000000000e+02,8.572269418190616719e-01,-1.780242339096105297e-02
2.130000000000000000e+02,9.033796641262634708e-01,-3.958214467000570336e-02
2.140000000000000000e+02,9.549665308985164636e-01,-1.938081618212584289e-01
2.150000000000000000e+02,6.903969308782409442e-01,-3.065721046857821652e-01
2.160000000000000000e+02,5.450512821249411388e-01,-1.674236195909351299e-01
2.170000000000000000e+02,5.366168331144327563e-01,-5.048785486762311092e-02
2.180000000000000000e+02,5.670432325859187106e-01,-1.014962207981956466e-02
2.190000000000000000e+02,5.732130352244213523e-01,1.713454295723060294e-03
2.200000000000000000e+02,5.588403927677637606e-01,1.407200448701029227e-02
2.210000000000000000e+02,5.131303819103999464e-01,4.894384923878020155e-02
2.220000000000000000e+02,4.492770535708260904e-01,1.622380065067403343e-01
2.230000000000000000e+02,3.741136051855757927e-01,3.437484368405802626e-01
2.240000000000000000e+02,7.994792110459381096e-02,4.280020404465622041e-01
2.250000000000000000e+02,1.827081775465874691e-02,2.979507810878927465e-01
2.260000000000000000e+02,-1.241113509593001485e-01,2.162229448418160616e-01
2.270000000000000000e+02,-6.300344755779745398e-01,1.369783152924393677e-01
2.280000000000000000e+02,-7.951840262727218889e-01,4.617742891634624147e-02
2.290000000000000000e+02,-8.581190145384318679e-01,1.869770496757083844e-02
2.300000000000000000e+02,-8.851903584324758434e-01,9.597720537715237477e-03
2.310000000000000000e+02,-9.019216132670297981e-01,7.212404828742802199e-03
2.320000000000000000e+02,-9.193707354059881265e-01,1.158836423790432502e-02
2.330000000000000000e+02,-9.546948106363194464e-01,3.561979362768230573e-02
2.340000000000000000e+02,-9.938072806833024853e-01,1.863476168981738068e-01
2.350000000000000000e+02,-7.279756687887914968e-01,2.795847332903129701e-01
2.360000000000000000e+02,-6.029680597670791231e-01,1.170371930342584410e-01
2.370000000000000000e+02,-6.284002900398315550e-01,2.266810819580727943e-02
2.380000000000000000e+02,-6.407257867942528495e-01,-3.110081035346989875e-03
2.390000000000000000e+02,-6.135903982643828858e-01,-2.482476240724390548e-02
2.400000000000000000e+02,-5.315379423884692978e-01,-8.748349290333104489e-02
2.410000000000000000e+02,-4.023641770705200238e-01,-2.778865775700126162e-01
2.420000000000000000e+02,-8.221855988104503909e-02,-3.699028643275780182e-01
2.430000000000000000e+02,1.843733882230695620e-02,-2.771468843177089525e-01
2.440000000000000000e+02,1.355672376163944703e-01,-3.098370048518664932e-01
2.450000000000000000e+02,5.512715880754786024e-01,-1.715646818957893560e-01
2.460000000000000000e+02,7.358644383154870905e-01,-5.368268293743011510e-02
2.470000000000000000e+02,8.040921407303540658e-01,-1.962017826528572595e-02
2.480000000000000000e+02,8.318752978684997856e-01,-8.208568989239939384e-03
2.490000000000000000e+02,8.446898251727312790e-01,-3.928629822529450255e-03
2.500000000000000000e+02,8.511982260195052330e-01,-2.354205934102571174e-03
2.510000000000000000e+02,8.561758598857276414e-01,-2.787739070265415897e-03
2.520000000000000000e+02,8.643225006040746727e-01,-6.005966149339292404e-03
2.530000000000000000e+02,8.846491321835092680e-01,-2.034239836123244438e-02
2.540000000000000000e+02,9.120365093796083400e-01,-1.185297716122653833e-01
2.550000000000000000e+02,6.969693135434833486e-01,-1.565289207948784567e-01
2.560000000000000000e+02,6.708439502669641952e-01,-2.349676457862007184e-02
2.570000000000000000e+02,6.677546480948919339e-01,1.371881202783992171e-02
2.580000000000000000e+02,6.040764083852976363e-01,5.763766248643824308e-02
2.590000000000000000e+02,4.293211457013129673e-01,2.095876714069247748e-01
2.600000000000000000e+02,8.164303622347422740e-02,3.357698170828021245e-01
2.610000000000000000e+02,-2.927816240575210199e-02,2.443568445983298476e-01
2.620000000000000000e+02,-1.490947391863574334e-01,2.895071232932743266e-01
2.630000000000000000e+02,-5.750072806753907528e-01,1.598182928251533630e-01
2.640000000000000000e+02,-7.447040121598220708e-01,4.267066578427769485e-02
2.650000000000000000e+02,-7.983652410481506534e-01,-1.381655440583836464e-02
2.660000000000000000e+02,-9.006697685765581163e-01,-3.820567855938007684e-02
2.670000000000000000e+02,-9.042825430783087981e-01,-3.707851815290645614e-03
2.680000000000000000e+02,-9.020857145248203368e-01,-6.060531939051441719e-04
2.690000000000000000e+02,-9.020170108115674878e-01,3.765630226460273122e-05
2.700000000000000000e+02,-9.021568275313460727e-01,-1.400976813673731106e-04
2.710000000000000000e+02,-9.022103101520035917e-01,7.759035195778821170e-05
2.720000000000000000e+02,-9.027235706674293647e-01,7.871742080884161497e-04
2.730000000000000000e+02,-9.059016079661431631e-01,4.828559507752842872e-03
2.740000000000000000e+02,-9.023676933004216583e-01,4.519001423490570657e-02
2.750000000000000000e+02,-7.915753068717974461e-01,2.118351884876616686e-02
2.760000000000000000e+02,-7.400160833030043905e-01,-4.229034281267640694e-02
2.770000000000000000e+02,-5.704013696223401153e-01,-1.521091768928364840e-01
2.780000000000000000e+02,-1.467926096342502817e-01,-2.714855913714196434e-01
2.790000000000000000e+02,-1.664446112766247363e-02,-2.240731283531946227e-01
2.800000000000000000e+02,1.012910335074778401e-01,-3.056094330899222222e-01
2.810000000000000000e+02,4.795598238696712201e-01,-1.914130899009303666e-01
2.820000000000000000e+02,6.454063514563784798e-01,-5.198697613234841419e-02
2.830000000000000000e+02,7.023878058243286926e-01,-8.302547935957388381e-03
2.840000000000000000e+02,6.920585726408430283e-01,4.379260204986479277e-02
2.850000000000000000e+02,7.480761406541712732e-01,2.056386225410433977e-01
2.860000000000000000e+02,9.981169473414059912e-01,1.555251046581644370e-01
2.870000000000000000e+02,9.739754620423558551e-01,2.878070786100744849e-02
2.880000000000000000e+02,9.469275335584063091e-01,8.430421958666944882e-03
2.890000000000000000e+02,9.360541845487307944e-01,3.551879685895487082e-03
2.900000000000000000e+02,9.297651244120359593e-01,2.892746177009575259e-03
2.910000000000000000e+02,9.231906374904614854e-01,3.909201859505606613e-03
2.920000000000000000e+02,9.114811853029192168e-01,8.203879068088115734e-03
2.930000000000000000e+02,8.849576346391956339e-01,1.860975620505134209e-02
2.940000000000000000e+02,8.218518423299162601e-01,4.727543825063201810e-02
2.950000000000000000e+02,6.473620998078331024e-01,1.483153546290963409e-01
2.960000000000000000e+02,1.896080507687053773e-01,2.591581390224789727e-01
2.970000000000000000e+02,5.642654911260956696e-02,2.370934776905375407e-01
2.980000000000000000e+02,-4.898120259433685897e-02,3.402491205064233637e-01
2.990000000000000000e+02,-3.916984174421377918e-01,2.518743194473115898e-01
3.000000000000000000e+02,-5.298622162798765078e-01,7.547273889161276728e-02
3.010000000000000000e+02,-6.040404072914888900e-01,2.143120110526286481e-02
3.020000000000000000e+02,-6.265220989852440248e-01,1.263311560284974266e-03
3.030000000000000000e+02,-6.106178302387447188e-01,-2.771267619861328413e-02
3.040000000000000000e+02,-5.908114762045413304e-01,-1.353609293571384486e-01
3.050000000000000000e+02,-7.238119711114279209e-01,-2.897247430828995829e-01
3.060000000000000000e+02,-9.883832164579111623e-01,-1.949187064837598071e-01
3.070000000000000000e+02,-9.584909097172071846e-01,-3.781308776005087857e-02
3.080000000000000000e+02,-9.204394148868723091e-01,-1.212739413634389418e-02
3.090000000000000000e+02,-9.024701580184948391e-01,-7.525414090909676723e-03
3.100000000000000000e+02,-8.860110704697248263e-01,-9.237563445687824171e-03
3.110000000000000000e+02,-8.590659384503759322e-01,-1.852491401026257201e-02
3.120000000000000000e+02,-7.957339998371179002e-01,-4.805744740658579595e-02
3.130000000000000000e+02,-6.232681387326699518e-01,-1.421621386297590994e-01
3.140000000000000000e+02,-1.395100494871882035e-01,-2.265123810996348408e-01
3.150000000000000000e+02,1.617562215969553518e-02,-2.801205012478629186e-01
3.160000000000000000e+02,9.626655020629856785e-02,-4.088687473341170997e-01
3.170000000000000000e+02,3.926416435081411804e-01,-3.165391056303404338e-01
3.180000000000000000e+02,4.854953967892260414e-01,-1.305199431775647956e-01
3.190000000000000000e+02,5.603603884029964011e-01,-3.572081084803657713e-02
3.200000000000000000e+02,5.998645071917498850e-01,-9.998768401381197268e-03
3.210000000000000000e+02,6.077055360850581733e-01,2.033180856716054752e-03
3.220000000000000000e+02,5.912752252825593802e-01,2.177830601218988527e-02
3.230000000000000000e+02,5.631564187428167445e-01,9.960938446285635961e-02
3.240000000000000000e+02,6.068070653361383737e-01,2.317299772449293582e-01
3.250000000000000000e+02,7.804961710989783974e-01,3.703465587804749548e-01
3.260000000000000000e+02,1.075984871678892008e+00,2.513061271668442509e-01
3.270000000000000000e+02,1.049921251372517128e+00,5.882595697968984183e-02
3.280000000000000000e+02,9.945731504614977458e-01,2.297433239929957960e-02
3.290000000000000000e+02,9.520465003454737785e-01,2.276638789829987797e-02
3.300000000000000000e+02,8.869336250653796494e-01,4.418515436662356910e-02
3.310000000000000000e+02,7.234623204297168098e-01,1.276171008492040793e-01
3.320000000000000000e+02,2.719398624007589582e-01,1.652878976558674329e-01
3.330000000000000000e+02,3.440608601818217344e-02,9.979994929943186710e-02
3.340000000000000000e+02,-2.408355719754320667e-01,2.882531960625480671e-01
3.350000000000000000e+02,-4.861467558703306269e-01,4.258465884448109362e-01
3.360000000000000000e+02,-4.642470347071736558e-01,2.529405955349250945e-01
3.370000000000000000e+02,-4.644510744062681495e-01,1.147635819053924311e-01
3.380000000000000000e+02,-5.065294235490999109e-01,3.112546711088540197e-02
3.390000000000000000e+02,-5.365517422615897480e-01,8.955844936452100891e-03
3.400000000000000000e+02,-5.457983472472076603e-01,7.654666272401133842e-04
3.410000000000000000e+02,-5.403272991135762426e-01,-7.357730334805717698e-03
3.420000000000000000e+02,-5.163025263404122933e-01,-3.280105588785200976e-02
3.430000000000000000e+02,-4.999604464997909337e-01,-1.160496716565136144e-01
3.440000000000000000e+02,-5.509329089053561779e-01,-2.345958364788093831e-01
3.450000000000000000e+02,-7.184918264332645910e-01,-3.584565078883568123e-01
3.460000000000000000e+02,-9.925372433903647540e-01,-2.326881447860349450e-01
3.470000000000000000e+02,-9.332193218304405402e-01,-6.284554442279577380e-02
3.480000000000000000e+02,-8.310572214083898901e-01,-5.551395785589795240e-02
3.490000000000000000e+02,-6.594396547450700474e-01,-1.260783812797524883e-01
3.500000000000000000e+02,-2.123933460171688048e-01,-1.743823762875192918e-01
3.510000000000000000e+02,7.823827192777625672e-03,-8.243447778710839835e-02
3.520000000000000000e+02,2.307699650002721092e-01,-1.775840268730377314e-01
3.530000000000000000e+02,7.189185755578605397e-01,-1.642339256674145709e-01
3.540000000000000000e+02,9.199299530697556682e-01,-2.506719991517236124e-01
3.550000000000000000e+02,7.025996732212118623e-01,-3.566242280148354538e-01
3.560000000000000000e+02,5.543069286703378173e-01,-2.218242677300899524e-01
3.570000000000000000e+02,5.239313809944532441e-01,-9.465078458283847362e-02
3.580000000000000000e+02,5.568554227630747588e-01,-2.315051344835085401e-02
3.590000000000000000e+02,5.781593957583693877e-01,-5.628355548748615808e-03
